{"stats":{"minecraft:killed":{"minecraft:pig":2,"minecraft:zombie_villager":1,"minecraft:salmon":10,"minecraft:spider":1,"minecraft:sheep":1,"minecraft:skeleton":2,"minecraft:zombie":8,"minecraft:chicken":2,"minecraft:tropical_fish":1},"minecraft:crafted":{"minecraft:stone_shovel":1,"minecraft:cooked_porkchop":1,"minecraft:crafting_table":1,"minecraft:cooked_chicken":2,"minecraft:wooden_pickaxe":2,"minecraft:furnace":1,"minecraft:cooked_salmon":8,"minecraft:cobblestone_stairs":88,"minecraft:stone_axe":2,"minecraft:cooked_mutton":1,"minecraft:air":0,"minecraft:dark_oak_door":3,"minecraft:charcoal":34,"minecraft:shield":1,"minecraft:stick":56,"minecraft:iron_ingot":8,"minecraft:stone_pickaxe":4,"minecraft:chest":2,"minecraft:iron_leggings":1,"minecraft:dark_oak_planks":276,"minecraft:torch":136},"minecraft:picked_up":{"minecraft:feather":2,"minecraft:chicken":2,"minecraft:clay_ball":104,"minecraft:salmon":9,"minecraft:andesite":22,"minecraft:red_mushroom":1,"minecraft:oak_log":1,"minecraft:cobblestone_stairs":1,"minecraft:string":2,"minecraft:dirt":50,"minecraft:moss_carpet":1,"minecraft:raw_copper":43,"minecraft:bone":4,"minecraft:bow":1,"minecraft:wheat_seeds":1,"minecraft:cobbled_deepslate":11,"minecraft:dark_oak_sapling":1,"minecraft:raw_iron":8,"minecraft:torch":12,"minecraft:gravel":28,"minecraft:porkchop":4,"minecraft:diorite":15,"minecraft:dark_oak_log":103,"minecraft:spider_eye":1,"minecraft:dark_oak_planks":7,"minecraft:arrow":4,"minecraft:rotten_flesh":18,"minecraft:tropical_fish":1,"minecraft:stone_axe":1,"minecraft:granite":11,"minecraft:bone_meal":3,"minecraft:mutton":1,"minecraft:white_wool":1,"minecraft:cobblestone":187},"minecraft:broken":{"minecraft:stone_pickaxe":2},"minecraft:dropped":{"minecraft:iron_sword":1,"minecraft:stone_axe":1,"minecraft:dark_oak_log":1},"minecraft:killed_by":{"minecraft:skeleton":2,"minecraft:zombie":4,"minecraft:enderman":1},"minecraft:mined":{"minecraft:dark_oak_planks":6,"minecraft:flowering_azalea":1,"minecraft:dark_oak_leaves":33,"minecraft:cobblestone_stairs":1,"minecraft:dark_oak_log":98,"minecraft:clay":26,"minecraft:torch":2,"minecraft:granite":11,"minecraft:grass_block":7,"minecraft:copper_ore":13,"minecraft:cobblestone":1,"minecraft:diorite":15,"minecraft:wall_torch":7,"minecraft:iron_ore":8,"minecraft:andesite":22,"minecraft:moss_carpet":1,"minecraft:grass":6,"minecraft:gravel":25,"minecraft:dirt":31,"minecraft:red_mushroom_block":4,"minecraft:stone":187,"minecraft:oak_leaves":9,"minecraft:deepslate":14},"minecraft:used":{"minecraft:moss_carpet":1,"minecraft:diorite":1,"minecraft:iron_ore":4,"minecraft:cobblestone_stairs":62,"minecraft:tropical_fish":1,"minecraft:stone_shovel":21,"minecraft:stone_pickaxe":317,"minecraft:shield":2,"minecraft:chest":2,"minecraft:wooden_pickaxe":12,"minecraft:cooked_salmon":8,"minecraft:salmon":1,"minecraft:torch":26,"minecraft:dirt":8,"minecraft:crafting_table":1,"minecraft:sponge":16,"minecraft:dark_oak_door":1,"minecraft:dark_oak_planks":114,"minecraft:dark_oak_log":312,"minecraft:stone_axe":159,"minecraft:cobblestone":15,"minecraft:furnace":1,"minecraft:cooked_porkchop":1},"minecraft:custom":{"minecraft:interact_with_furnace":24,"minecraft:mob_kills":28,"minecraft:interact_with_crafting_table":23,"minecraft:leave_game":2,"minecraft:time_since_death":63571,"minecraft:time_since_rest":63591,"minecraft:sprint_one_cm":182208,"minecraft:damage_taken":2351,"minecraft:walk_one_cm":115098,"minecraft:damage_blocked_by_shield":70,"minecraft:drop":3,"minecraft:damage_dealt":3346,"minecraft:swim_one_cm":34121,"minecraft:fly_one_cm":94982,"minecraft:open_chest":12,"minecraft:crouch_one_cm":21140,"minecraft:play_time":114083,"minecraft:deaths":7,"minecraft:sneak_time":8504,"minecraft:walk_under_water_one_cm":23322,"minecraft:jump":912,"minecraft:walk_on_water_one_cm":13817,"minecraft:total_world_time":114083,"minecraft:fall_one_cm":10672}},"DataVersion":2975}