{"stats":{"minecraft:killed":{"minecraft:pig":2,"minecraft:zombie_villager":1,"minecraft:salmon":10,"minecraft:sheep":1,"minecraft:skeleton":2,"minecraft:zombie":7,"minecraft:chicken":2,"minecraft:tropical_fish":1},"minecraft:crafted":{"minecraft:stone_shovel":1,"minecraft:cooked_porkchop":1,"minecraft:crafting_table":1,"minecraft:cooked_chicken":2,"minecraft:wooden_pickaxe":2,"minecraft:furnace":1,"minecraft:cooked_salmon":8,"minecraft:cobblestone_stairs":88,"minecraft:stone_axe":2,"minecraft:cooked_mutton":1,"minecraft:air":0,"minecraft:dark_oak_door":3,"minecraft:charcoal":18,"minecraft:shield":1,"minecraft:stick":44,"minecraft:iron_ingot":8,"minecraft:stone_pickaxe":4,"minecraft:chest":2,"minecraft:iron_leggings":1,"minecraft:dark_oak_planks":276,"minecraft:torch":72},"minecraft:picked_up":{"minecraft:feather":2,"minecraft:chicken":2,"minecraft:clay_ball":104,"minecraft:salmon":9,"minecraft:andesite":22,"minecraft:red_mushroom":1,"minecraft:oak_log":1,"minecraft:cobblestone_stairs":1,"minecraft:dirt":50,"minecraft:moss_carpet":1,"minecraft:raw_copper":43,"minecraft:bone":4,"minecraft:bow":1,"minecraft:wheat_seeds":1,"minecraft:cobbled_deepslate":6,"minecraft:dark_oak_sapling":1,"minecraft:raw_iron":8,"minecraft:torch":12,"minecraft:gravel":28,"minecraft:porkchop":4,"minecraft:diorite":15,"minecraft:dark_oak_log":103,"minecraft:dark_oak_planks":7,"minecraft:arrow":4,"minecraft:rotten_flesh":17,"minecraft:tropical_fish":1,"minecraft:stone_axe":1,"minecraft:granite":11,"minecraft:bone_meal":3,"minecraft:mutton":1,"minecraft:white_wool":1,"minecraft:cobblestone":183},"minecraft:broken":{"minecraft:stone_pickaxe":2},"minecraft:dropped":{"minecraft:iron_sword":1,"minecraft:stone_axe":1,"minecraft:dark_oak_log":1},"minecraft:killed_by":{"minecraft:skeleton":2,"minecraft:zombie":4,"minecraft:enderman":1},"minecraft:mined":{"minecraft:dark_oak_planks":6,"minecraft:flowering_azalea":1,"minecraft:dark_oak_leaves":33,"minecraft:cobblestone_stairs":1,"minecraft:dark_oak_log":98,"minecraft:clay":26,"minecraft:torch":2,"minecraft:granite":11,"minecraft:grass_block":7,"minecraft:copper_ore":13,"minecraft:diorite":15,"minecraft:wall_torch":7,"minecraft:iron_ore":8,"minecraft:andesite":22,"minecraft:moss_carpet":1,"minecraft:grass":6,"minecraft:gravel":25,"minecraft:dirt":31,"minecraft:red_mushroom_block":4,"minecraft:stone":184,"minecraft:oak_leaves":9,"minecraft:deepslate":6},"minecraft:used":{"minecraft:moss_carpet":1,"minecraft:diorite":1,"minecraft:iron_ore":4,"minecraft:cobblestone_stairs":61,"minecraft:tropical_fish":1,"minecraft:stone_shovel":21,"minecraft:stone_pickaxe":305,"minecraft:shield":2,"minecraft:chest":2,"minecraft:wooden_pickaxe":12,"minecraft:cooked_salmon":8,"minecraft:salmon":1,"minecraft:torch":24,"minecraft:dirt":8,"minecraft:crafting_table":1,"minecraft:sponge":16,"minecraft:dark_oak_door":1,"minecraft:dark_oak_planks":114,"minecraft:dark_oak_log":312,"minecraft:stone_axe":154,"minecraft:cobblestone":15,"minecraft:furnace":1,"minecraft:cooked_porkchop":1},"minecraft:custom":{"minecraft:interact_with_furnace":21,"minecraft:mob_kills":26,"minecraft:interact_with_crafting_table":23,"minecraft:leave_game":2,"minecraft:time_since_death":39571,"minecraft:time_since_rest":39591,"minecraft:sprint_one_cm":174551,"minecraft:damage_taken":2330,"minecraft:walk_one_cm":111484,"minecraft:damage_blocked_by_shield":70,"minecraft:drop":3,"minecraft:damage_dealt":2985,"minecraft:swim_one_cm":34121,"minecraft:fly_one_cm":90495,"minecraft:open_chest":10,"minecraft:crouch_one_cm":20744,"minecraft:play_time":90083,"minecraft:deaths":7,"minecraft:sneak_time":8425,"minecraft:walk_under_water_one_cm":23322,"minecraft:jump":895,"minecraft:walk_on_water_one_cm":13817,"minecraft:total_world_time":90083,"minecraft:fall_one_cm":10463}},"DataVersion":2975}