{"stats":{"minecraft:killed":{"minecraft:pig":6,"minecraft:zombie_villager":2,"minecraft:salmon":10,"minecraft:spider":2,"minecraft:sheep":1,"minecraft:skeleton":6,"minecraft:zombie":8,"minecraft:chicken":4,"minecraft:tropical_fish":1,"minecraft:cow":3},"minecraft:crafted":{"minecraft:stone_shovel":1,"minecraft:cooked_porkchop":1,"minecraft:crafting_table":1,"minecraft:cooked_chicken":2,"minecraft:wooden_pickaxe":2,"minecraft:furnace":1,"minecraft:cooked_salmon":8,"minecraft:cobblestone_stairs":88,"minecraft:stone_axe":3,"minecraft:cooked_mutton":1,"minecraft:air":0,"minecraft:dark_oak_door":3,"minecraft:white_wool":1,"minecraft:charcoal":34,"minecraft:shield":1,"minecraft:stick":56,"minecraft:iron_ingot":8,"minecraft:stone_pickaxe":4,"minecraft:chest":2,"minecraft:iron_leggings":1,"minecraft:dark_oak_planks":276,"minecraft:torch":136},"minecraft:picked_up":{"minecraft:feather":9,"minecraft:chicken":4,"minecraft:clay_ball":312,"minecraft:salmon":9,"minecraft:andesite":66,"minecraft:wooden_pickaxe":2,"minecraft:red_mushroom":1,"minecraft:flint":2,"minecraft:oak_log":1,"minecraft:shield":2,"minecraft:cobblestone_stairs":49,"minecraft:string":8,"minecraft:dirt":159,"minecraft:moss_carpet":1,"minecraft:raw_copper":107,"minecraft:cooked_mutton":2,"minecraft:iron_leggings":2,"minecraft:bone":12,"minecraft:bow":3,"minecraft:wheat_seeds":5,"minecraft:cobbled_deepslate":57,"minecraft:beef":6,"minecraft:stone_pickaxe":2,"minecraft:cooked_chicken":4,"minecraft:rose_bush":16,"minecraft:egg":3,"minecraft:stick":1,"minecraft:dark_oak_sapling":1,"minecraft:raw_iron":8,"minecraft:torch":136,"minecraft:gravel":83,"minecraft:porkchop":9,"minecraft:diorite":43,"minecraft:dark_oak_log":109,"minecraft:spider_eye":3,"minecraft:dark_oak_planks":17,"minecraft:arrow":20,"minecraft:stone_shovel":2,"minecraft:rotten_flesh":44,"minecraft:tropical_fish":1,"minecraft:stone_axe":2,"minecraft:granite":33,"minecraft:bone_meal":9,"minecraft:mutton":1,"minecraft:white_wool":3,"minecraft:cobblestone":206},"minecraft:broken":{"minecraft:stone_pickaxe":2,"minecraft:stone_axe":1},"minecraft:dropped":{"minecraft:iron_sword":1,"minecraft:stone_axe":1,"minecraft:dark_oak_log":1},"minecraft:killed_by":{"minecraft:zombie_villager":1,"minecraft:skeleton":3,"minecraft:zombie":4,"minecraft:enderman":1},"minecraft:mined":{"minecraft:dark_oak_planks":6,"minecraft:flowering_azalea":1,"minecraft:dark_oak_leaves":33,"minecraft:cobblestone_stairs":1,"minecraft:dark_oak_log":98,"minecraft:clay":26,"minecraft:torch":2,"minecraft:granite":11,"minecraft:grass_block":8,"minecraft:rose_bush":16,"minecraft:copper_ore":13,"minecraft:cobblestone":2,"minecraft:sugar_cane":2,"minecraft:diorite":15,"minecraft:wall_torch":7,"minecraft:iron_ore":8,"minecraft:andesite":22,"minecraft:moss_carpet":1,"minecraft:grass":10,"minecraft:flowering_azalea_leaves":1,"minecraft:gravel":26,"minecraft:dirt":31,"minecraft:red_mushroom_block":4,"minecraft:stone":187,"minecraft:oak_leaves":9,"minecraft:deepslate":22},"minecraft:used":{"minecraft:cooked_mutton":1,"minecraft:moss_carpet":1,"minecraft:diorite":1,"minecraft:iron_ore":4,"minecraft:cobblestone_stairs":65,"minecraft:tropical_fish":1,"minecraft:stone_shovel":22,"minecraft:stone_pickaxe":329,"minecraft:shield":20,"minecraft:chest":2,"minecraft:wooden_pickaxe":12,"minecraft:cooked_chicken":2,"minecraft:cooked_salmon":8,"minecraft:salmon":1,"minecraft:torch":26,"minecraft:dirt":8,"minecraft:crafting_table":1,"minecraft:sponge":16,"minecraft:dark_oak_door":1,"minecraft:dark_oak_planks":114,"minecraft:dark_oak_log":312,"minecraft:gravel":1,"minecraft:stone_axe":217,"minecraft:cobblestone":18,"minecraft:furnace":1,"minecraft:cooked_porkchop":1},"minecraft:custom":{"minecraft:interact_with_furnace":25,"minecraft:mob_kills":43,"minecraft:interact_with_crafting_table":24,"minecraft:leave_game":2,"minecraft:time_since_death":7292,"minecraft:time_since_rest":7312,"minecraft:sprint_one_cm":296650,"minecraft:damage_taken":3140,"minecraft:walk_one_cm":140024,"minecraft:damage_blocked_by_shield":630,"minecraft:drop":3,"minecraft:damage_dealt":5364,"minecraft:swim_one_cm":36040,"minecraft:fly_one_cm":147326,"minecraft:open_chest":14,"minecraft:crouch_one_cm":22329,"minecraft:play_time":126067,"minecraft:deaths":9,"minecraft:sneak_time":9121,"minecraft:walk_under_water_one_cm":23458,"minecraft:jump":1171,"minecraft:walk_on_water_one_cm":15198,"minecraft:total_world_time":126067,"minecraft:fall_one_cm":15715}},"DataVersion":2975}