{"stats":{"minecraft:killed":{"minecraft:skeleton":1,"minecraft:zombie":3,"minecraft:pig":2,"minecraft:tropical_fish":1},"minecraft:crafted":{"minecraft:dark_oak_door":3,"minecraft:charcoal":18,"minecraft:crafting_table":1,"minecraft:stick":32,"minecraft:wooden_pickaxe":2,"minecraft:stone_pickaxe":2,"minecraft:chest":2,"minecraft:furnace":1,"minecraft:torch":72,"minecraft:dark_oak_planks":236,"minecraft:stone_axe":2,"minecraft:air":0},"minecraft:picked_up":{"minecraft:dark_oak_sapling":1,"minecraft:torch":7,"minecraft:red_mushroom":1,"minecraft:porkchop":4,"minecraft:oak_log":1,"minecraft:dark_oak_log":77,"minecraft:dirt":29,"minecraft:moss_carpet":1,"minecraft:dark_oak_planks":5,"minecraft:raw_copper":11,"minecraft:bone":2,"minecraft:arrow":2,"minecraft:rotten_flesh":12,"minecraft:tropical_fish":1,"minecraft:wheat_seeds":1,"minecraft:cobblestone":50},"minecraft:dropped":{"minecraft:iron_sword":1,"minecraft:dark_oak_log":1},"minecraft:killed_by":{"minecraft:skeleton":2,"minecraft:zombie":4,"minecraft:enderman":1},"minecraft:mined":{"minecraft:dark_oak_planks":5,"minecraft:flowering_azalea":1,"minecraft:dark_oak_leaves":33,"minecraft:dark_oak_log":72,"minecraft:moss_carpet":1,"minecraft:grass":6,"minecraft:grass_block":5,"minecraft:dirt":12,"minecraft:copper_ore":5,"minecraft:red_mushroom_block":4,"minecraft:stone":50,"minecraft:oak_leaves":9,"minecraft:wall_torch":4},"minecraft:used":{"minecraft:dark_oak_planks":110,"minecraft:moss_carpet":1,"minecraft:iron_ore":4,"minecraft:dark_oak_log":312,"minecraft:tropical_fish":1,"minecraft:stone_pickaxe":46,"minecraft:chest":2,"minecraft:wooden_pickaxe":12,"minecraft:stone_axe":85,"minecraft:torch":13,"minecraft:dirt":8,"minecraft:cobblestone":12,"minecraft:crafting_table":1,"minecraft:furnace":1,"minecraft:sponge":16,"minecraft:dark_oak_door":1},"minecraft:custom":{"minecraft:time_since_rest":3591,"minecraft:interact_with_furnace":11,"minecraft:sprint_one_cm":107286,"minecraft:damage_taken":1980,"minecraft:walk_one_cm":75794,"minecraft:mob_kills":7,"minecraft:drop":2,"minecraft:damage_dealt":1479,"minecraft:swim_one_cm":2121,"minecraft:interact_with_crafting_table":14,"minecraft:fly_one_cm":66427,"minecraft:open_chest":8,"minecraft:crouch_one_cm":10380,"minecraft:play_time":54083,"minecraft:deaths":7,"minecraft:sneak_time":3931,"minecraft:walk_under_water_one_cm":13595,"minecraft:jump":549,"minecraft:time_since_death":3571,"minecraft:leave_game":2,"minecraft:walk_on_water_one_cm":6169,"minecraft:total_world_time":54083,"minecraft:fall_one_cm":9149}},"DataVersion":2975}