{"stats":{"minecraft:killed":{"minecraft:spider":2,"minecraft:skeleton":7,"minecraft:chicken":4,"minecraft:tropical_fish":1,"minecraft:pig":11,"minecraft:zombie_villager":2,"minecraft:salmon":10,"minecraft:sheep":4,"minecraft:zombie":11,"minecraft:cow":7},"minecraft:broken":{"minecraft:stone_pickaxe":2,"minecraft:stone_axe":2},"minecraft:crafted":{"minecraft:stone_shovel":1,"minecraft:cooked_chicken":2,"minecraft:furnace":1,"minecraft:cobblestone_stairs":88,"minecraft:cooked_mutton":1,"minecraft:dark_oak_door":3,"minecraft:stone_pickaxe":5,"minecraft:chest":2,"minecraft:dark_oak_planks":312,"minecraft:cooked_beef":15,"minecraft:red_dye":32,"minecraft:arrow":20,"minecraft:cooked_porkchop":11,"minecraft:crafting_table":1,"minecraft:wooden_pickaxe":2,"minecraft:red_bed":1,"minecraft:cooked_salmon":8,"minecraft:stone_axe":4,"minecraft:air":0,"minecraft:white_wool":1,"minecraft:charcoal":34,"minecraft:shield":1,"minecraft:stick":64,"minecraft:iron_ingot":8,"minecraft:iron_leggings":1,"minecraft:white_bed":1,"minecraft:torch":136},"minecraft:picked_up":{"minecraft:chicken":4,"minecraft:clay_ball":328,"minecraft:brown_mushroom":4,"minecraft:wooden_pickaxe":3,"minecraft:shield":2,"minecraft:raw_copper":107,"minecraft:moss_carpet":5,"minecraft:string":8,"minecraft:iron_leggings":2,"minecraft:cobbled_deepslate":136,"minecraft:beef":15,"minecraft:rose_bush":16,"minecraft:chest":2,"minecraft:egg":3,"minecraft:dark_oak_sapling":1,"minecraft:raw_iron":8,"minecraft:stick":1,"minecraft:big_dripleaf":3,"minecraft:torch":136,"minecraft:porkchop":21,"minecraft:diorite":43,"minecraft:dark_oak_planks":17,"minecraft:rotten_flesh":44,"minecraft:arrow":29,"minecraft:stone_shovel":2,"minecraft:tropical_fish":1,"minecraft:mutton":5,"minecraft:white_wool":8,"minecraft:cobblestone":215,"minecraft:feather":9,"minecraft:andesite":66,"minecraft:salmon":9,"minecraft:red_mushroom":1,"minecraft:flint":7,"minecraft:oak_log":1,"minecraft:cobblestone_stairs":50,"minecraft:dirt":164,"minecraft:cooked_mutton":2,"minecraft:bone":12,"minecraft:bow":3,"minecraft:wheat_seeds":6,"minecraft:cooked_chicken":4,"minecraft:stone_pickaxe":2,"minecraft:moss_block":7,"minecraft:flowering_azalea":2,"minecraft:gravel":113,"minecraft:dark_oak_log":114,"minecraft:spider_eye":3,"minecraft:stone_axe":2,"minecraft:granite":33,"minecraft:bone_meal":9},"minecraft:dropped":{"minecraft:iron_sword":1,"minecraft:dark_oak_log":2,"minecraft:stone_axe":1,"minecraft:cobbled_deepslate":1,"minecraft:andesite":22,"minecraft:arrow":8,"minecraft:wooden_pickaxe":1},"minecraft:killed_by":{"minecraft:zombie_villager":1,"minecraft:enderman":2,"minecraft:skeleton":3,"minecraft:zombie":4},"minecraft:mined":{"minecraft:dark_oak_planks":6,"minecraft:dark_oak_leaves":33,"minecraft:cobblestone_stairs":2,"minecraft:dark_oak_log":102,"minecraft:cave_vines_plant":1,"minecraft:granite":11,"minecraft:grass_block":12,"minecraft:brown_mushroom_block":4,"minecraft:iron_ore":8,"minecraft:andesite":22,"minecraft:moss_carpet":1,"minecraft:big_dripleaf_stem":1,"minecraft:cave_vines":1,"minecraft:flowering_azalea_leaves":3,"minecraft:stone":188,"minecraft:flowering_azalea":1,"minecraft:clay":28,"minecraft:torch":2,"minecraft:chest":2,"minecraft:rose_bush":16,"minecraft:mushroom_stem":4,"minecraft:cobblestone":4,"minecraft:tall_grass":2,"minecraft:copper_ore":13,"minecraft:sugar_cane":2,"minecraft:diorite":15,"minecraft:wall_torch":7,"minecraft:big_dripleaf":1,"minecraft:grass":14,"minecraft:coal_ore":4,"minecraft:gravel":61,"minecraft:dirt":33,"minecraft:red_mushroom_block":4,"minecraft:small_dripleaf":1,"minecraft:oak_leaves":16,"minecraft:deepslate":101},"minecraft:used":{"minecraft:moss_carpet":1,"minecraft:tropical_fish":1,"minecraft:stone_shovel":22,"minecraft:chest":4,"minecraft:shield":38,"minecraft:cooked_salmon":8,"minecraft:cooked_chicken":2,"minecraft:torch":56,"minecraft:dirt":22,"minecraft:dark_oak_planks":114,"minecraft:flowering_azalea":2,"minecraft:furnace":1,"minecraft:cooked_beef":4,"minecraft:cobbled_deepslate":15,"minecraft:cooked_mutton":1,"minecraft:diorite":1,"minecraft:iron_ore":4,"minecraft:cobblestone_stairs":82,"minecraft:stone_pickaxe":420,"minecraft:wooden_pickaxe":12,"minecraft:salmon":1,"minecraft:crafting_table":1,"minecraft:red_bed":1,"minecraft:sponge":16,"minecraft:dark_oak_door":1,"minecraft:dark_oak_log":312,"minecraft:gravel":36,"minecraft:stone_axe":280,"minecraft:cobblestone":18,"minecraft:porkchop":4,"minecraft:cooked_porkchop":4},"minecraft:custom":{"minecraft:mob_kills":59,"minecraft:interact_with_crafting_table":33,"minecraft:leave_game":3,"minecraft:time_since_death":75,"minecraft:sprint_one_cm":445096,"minecraft:walk_one_cm":214762,"minecraft:damage_blocked_by_shield":1250,"minecraft:drop":8,"minecraft:play_time":162832,"minecraft:deaths":10,"minecraft:sneak_time":12360,"minecraft:walk_under_water_one_cm":26450,"minecraft:jump":1613,"minecraft:walk_on_water_one_cm":23142,"minecraft:total_world_time":162832,"minecraft:interact_with_furnace":38,"minecraft:sleep_in_bed":2,"minecraft:time_since_rest":95,"minecraft:damage_taken":3795,"minecraft:damage_dealt":7821,"minecraft:fly_one_cm":210641,"minecraft:swim_one_cm":52631,"minecraft:player_kills":1,"minecraft:open_chest":28,"minecraft:crouch_one_cm":28231,"minecraft:fall_one_cm":21988}},"DataVersion":2975}