{"stats":{"minecraft:killed":{"minecraft:pig":10,"minecraft:zombie_villager":2,"minecraft:salmon":10,"minecraft:spider":2,"minecraft:sheep":4,"minecraft:skeleton":6,"minecraft:zombie":10,"minecraft:chicken":4,"minecraft:tropical_fish":1,"minecraft:cow":7},"minecraft:picked_up":{"minecraft:feather":9,"minecraft:chicken":4,"minecraft:clay_ball":328,"minecraft:salmon":9,"minecraft:andesite":66,"minecraft:wooden_pickaxe":3,"minecraft:red_mushroom":1,"minecraft:flint":2,"minecraft:oak_log":1,"minecraft:shield":2,"minecraft:cobblestone_stairs":50,"minecraft:string":8,"minecraft:dirt":162,"minecraft:moss_carpet":5,"minecraft:raw_copper":107,"minecraft:cooked_mutton":2,"minecraft:iron_leggings":2,"minecraft:bone":12,"minecraft:bow":3,"minecraft:wheat_seeds":5,"minecraft:cobbled_deepslate":125,"minecraft:beef":15,"minecraft:stone_pickaxe":2,"minecraft:cooked_chicken":4,"minecraft:rose_bush":16,"minecraft:moss_block":7,"minecraft:flowering_azalea":1,"minecraft:chest":2,"minecraft:egg":3,"minecraft:stick":1,"minecraft:dark_oak_sapling":1,"minecraft:raw_iron":8,"minecraft:torch":136,"minecraft:gravel":83,"minecraft:porkchop":18,"minecraft:diorite":43,"minecraft:dark_oak_log":113,"minecraft:spider_eye":3,"minecraft:dark_oak_planks":17,"minecraft:arrow":28,"minecraft:stone_shovel":2,"minecraft:rotten_flesh":44,"minecraft:tropical_fish":1,"minecraft:stone_axe":2,"minecraft:granite":33,"minecraft:bone_meal":9,"minecraft:mutton":5,"minecraft:white_wool":6,"minecraft:cobblestone":209},"minecraft:crafted":{"minecraft:cooked_beef":15,"minecraft:red_dye":32,"minecraft:stone_shovel":1,"minecraft:cooked_porkchop":11,"minecraft:crafting_table":1,"minecraft:cooked_chicken":2,"minecraft:wooden_pickaxe":2,"minecraft:red_bed":1,"minecraft:furnace":1,"minecraft:cooked_salmon":8,"minecraft:cobblestone_stairs":88,"minecraft:stone_axe":3,"minecraft:cooked_mutton":1,"minecraft:air":0,"minecraft:dark_oak_door":3,"minecraft:white_wool":1,"minecraft:charcoal":34,"minecraft:shield":1,"minecraft:stick":56,"minecraft:iron_ingot":8,"minecraft:stone_pickaxe":4,"minecraft:chest":2,"minecraft:iron_leggings":1,"minecraft:white_bed":1,"minecraft:dark_oak_planks":312,"minecraft:torch":136},"minecraft:broken":{"minecraft:stone_pickaxe":2,"minecraft:stone_axe":1},"minecraft:dropped":{"minecraft:iron_sword":1,"minecraft:stone_axe":1,"minecraft:dark_oak_log":1,"minecraft:andesite":22,"minecraft:arrow":8,"minecraft:wooden_pickaxe":1},"minecraft:killed_by":{"minecraft:zombie_villager":1,"minecraft:skeleton":3,"minecraft:zombie":4,"minecraft:enderman":1},"minecraft:mined":{"minecraft:dark_oak_planks":6,"minecraft:flowering_azalea":1,"minecraft:dark_oak_leaves":33,"minecraft:cobblestone_stairs":2,"minecraft:dark_oak_log":102,"minecraft:cave_vines_plant":1,"minecraft:clay":28,"minecraft:torch":2,"minecraft:granite":11,"minecraft:grass_block":9,"minecraft:chest":2,"minecraft:rose_bush":16,"minecraft:tall_grass":2,"minecraft:copper_ore":13,"minecraft:cobblestone":4,"minecraft:sugar_cane":2,"minecraft:diorite":15,"minecraft:wall_torch":7,"minecraft:iron_ore":8,"minecraft:andesite":22,"minecraft:moss_carpet":1,"minecraft:big_dripleaf_stem":1,"minecraft:grass":13,"minecraft:cave_vines":1,"minecraft:coal_ore":4,"minecraft:flowering_azalea_leaves":1,"minecraft:gravel":26,"minecraft:dirt":33,"minecraft:red_mushroom_block":4,"minecraft:stone":188,"minecraft:small_dripleaf":1,"minecraft:oak_leaves":9,"minecraft:deepslate":90},"minecraft:used":{"minecraft:cooked_mutton":1,"minecraft:moss_carpet":1,"minecraft:diorite":1,"minecraft:iron_ore":4,"minecraft:cobblestone_stairs":80,"minecraft:tropical_fish":1,"minecraft:stone_shovel":22,"minecraft:stone_pickaxe":409,"minecraft:shield":32,"minecraft:chest":4,"minecraft:wooden_pickaxe":12,"minecraft:cooked_chicken":2,"minecraft:cooked_salmon":8,"minecraft:salmon":1,"minecraft:torch":31,"minecraft:dirt":21,"minecraft:crafting_table":1,"minecraft:red_bed":1,"minecraft:sponge":16,"minecraft:dark_oak_door":1,"minecraft:dark_oak_planks":114,"minecraft:dark_oak_log":312,"minecraft:gravel":1,"minecraft:stone_axe":262,"minecraft:cobblestone":18,"minecraft:porkchop":4,"minecraft:furnace":1,"minecraft:cooked_porkchop":4},"minecraft:custom":{"minecraft:interact_with_furnace":32,"minecraft:mob_kills":56,"minecraft:interact_with_crafting_table":27,"minecraft:leave_game":3,"minecraft:time_since_death":26078,"minecraft:sleep_in_bed":1,"minecraft:time_since_rest":12309,"minecraft:sprint_one_cm":379875,"minecraft:damage_taken":3338,"minecraft:walk_one_cm":179612,"minecraft:damage_blocked_by_shield":915,"minecraft:drop":6,"minecraft:damage_dealt":7063,"minecraft:swim_one_cm":50786,"minecraft:fly_one_cm":179706,"minecraft:open_chest":18,"minecraft:crouch_one_cm":27229,"minecraft:play_time":144853,"minecraft:deaths":9,"minecraft:sneak_time":11992,"minecraft:walk_under_water_one_cm":24096,"minecraft:jump":1355,"minecraft:walk_on_water_one_cm":18518,"minecraft:total_world_time":144853,"minecraft:fall_one_cm":18494}},"DataVersion":2975}