{"stats":{"minecraft:killed":{"minecraft:pig":2,"minecraft:salmon":10,"minecraft:sheep":1,"minecraft:skeleton":1,"minecraft:zombie":4,"minecraft:chicken":2,"minecraft:tropical_fish":1},"minecraft:crafted":{"minecraft:cooked_porkchop":1,"minecraft:crafting_table":1,"minecraft:cooked_chicken":2,"minecraft:wooden_pickaxe":2,"minecraft:furnace":1,"minecraft:cooked_salmon":8,"minecraft:stone_axe":2,"minecraft:cooked_mutton":1,"minecraft:air":0,"minecraft:dark_oak_door":3,"minecraft:charcoal":18,"minecraft:stick":36,"minecraft:stone_pickaxe":3,"minecraft:chest":2,"minecraft:dark_oak_planks":240,"minecraft:torch":72},"minecraft:picked_up":{"minecraft:feather":2,"minecraft:chicken":2,"minecraft:clay_ball":80,"minecraft:salmon":9,"minecraft:andesite":11,"minecraft:red_mushroom":1,"minecraft:oak_log":1,"minecraft:dirt":31,"minecraft:moss_carpet":1,"minecraft:raw_copper":37,"minecraft:bone":2,"minecraft:wheat_seeds":1,"minecraft:dark_oak_sapling":1,"minecraft:raw_iron":8,"minecraft:torch":12,"minecraft:gravel":24,"minecraft:porkchop":4,"minecraft:diorite":2,"minecraft:dark_oak_log":78,"minecraft:dark_oak_planks":5,"minecraft:arrow":2,"minecraft:rotten_flesh":12,"minecraft:tropical_fish":1,"minecraft:stone_axe":1,"minecraft:granite":7,"minecraft:bone_meal":3,"minecraft:mutton":1,"minecraft:white_wool":1,"minecraft:cobblestone":106},"minecraft:broken":{"minecraft:stone_pickaxe":1},"minecraft:dropped":{"minecraft:iron_sword":1,"minecraft:stone_axe":1,"minecraft:dark_oak_log":1},"minecraft:killed_by":{"minecraft:skeleton":2,"minecraft:zombie":4,"minecraft:enderman":1},"minecraft:mined":{"minecraft:dark_oak_planks":5,"minecraft:flowering_azalea":1,"minecraft:dark_oak_leaves":33,"minecraft:dark_oak_log":73,"minecraft:clay":20,"minecraft:torch":2,"minecraft:granite":7,"minecraft:grass_block":5,"minecraft:copper_ore":11,"minecraft:diorite":2,"minecraft:wall_torch":7,"minecraft:iron_ore":8,"minecraft:andesite":11,"minecraft:moss_carpet":1,"minecraft:grass":6,"minecraft:gravel":21,"minecraft:dirt":14,"minecraft:red_mushroom_block":4,"minecraft:stone":107,"minecraft:oak_leaves":9},"minecraft:used":{"minecraft:moss_carpet":1,"minecraft:diorite":1,"minecraft:iron_ore":4,"minecraft:tropical_fish":1,"minecraft:stone_pickaxe":184,"minecraft:chest":2,"minecraft:wooden_pickaxe":12,"minecraft:cooked_salmon":3,"minecraft:salmon":1,"minecraft:torch":23,"minecraft:dirt":8,"minecraft:crafting_table":1,"minecraft:sponge":16,"minecraft:dark_oak_door":1,"minecraft:dark_oak_planks":110,"minecraft:dark_oak_log":312,"minecraft:stone_axe":104,"minecraft:cobblestone":12,"minecraft:furnace":1},"minecraft:custom":{"minecraft:interact_with_furnace":15,"minecraft:mob_kills":21,"minecraft:interact_with_crafting_table":16,"minecraft:leave_game":2,"minecraft:time_since_death":15571,"minecraft:time_since_rest":15591,"minecraft:sprint_one_cm":126531,"minecraft:damage_taken":2135,"minecraft:walk_one_cm":92066,"minecraft:drop":3,"minecraft:damage_dealt":2139,"minecraft:swim_one_cm":34121,"minecraft:fly_one_cm":76474,"minecraft:open_chest":9,"minecraft:crouch_one_cm":13304,"minecraft:play_time":66083,"minecraft:deaths":7,"minecraft:sneak_time":6505,"minecraft:walk_under_water_one_cm":23322,"minecraft:jump":646,"minecraft:walk_on_water_one_cm":13299,"minecraft:total_world_time":66083,"minecraft:fall_one_cm":9836}},"DataVersion":2975}