{"stats":{"minecraft:killed":{"minecraft:tropical_fish":1},"minecraft:picked_up":{"minecraft:dark_oak_log":3,"minecraft:moss_carpet":1,"minecraft:raw_copper":11,"minecraft:tropical_fish":1,"minecraft:cobblestone":7},"minecraft:crafted":{"minecraft:crafting_table":1,"minecraft:stick":8,"minecraft:wooden_pickaxe":1,"minecraft:stone_pickaxe":1,"minecraft:dark_oak_planks":12,"minecraft:stone_axe":1},"minecraft:dropped":{"minecraft:iron_sword":1,"minecraft:dark_oak_log":1},"minecraft:killed_by":{"minecraft:enderman":1},"minecraft:mined":{"minecraft:flowering_azalea":1,"minecraft:dark_oak_log":3,"minecraft:moss_carpet":1,"minecraft:grass":3,"minecraft:copper_ore":5,"minecraft:stone":7},"minecraft:used":{"minecraft:moss_carpet":1,"minecraft:iron_ore":4,"minecraft:dark_oak_log":312,"minecraft:tropical_fish":1,"minecraft:stone_pickaxe":10,"minecraft:wooden_pickaxe":3,"minecraft:crafting_table":1,"minecraft:sponge":16},"minecraft:custom":{"minecraft:time_since_rest":8581,"minecraft:sprint_one_cm":4172,"minecraft:damage_taken":280,"minecraft:walk_one_cm":18839,"minecraft:mob_kills":1,"minecraft:drop":2,"minecraft:damage_dealt":296,"minecraft:interact_with_crafting_table":3,"minecraft:fly_one_cm":24770,"minecraft:crouch_one_cm":4234,"minecraft:play_time":30139,"minecraft:deaths":1,"minecraft:sneak_time":1675,"minecraft:walk_under_water_one_cm":12481,"minecraft:jump":237,"minecraft:time_since_death":8561,"minecraft:leave_game":2,"minecraft:walk_on_water_one_cm":3461,"minecraft:total_world_time":30139,"minecraft:fall_one_cm":753}},"DataVersion":2975}