{"stats":{"minecraft:killed":{"minecraft:pig":1,"minecraft:tropical_fish":1},"minecraft:crafted":{"minecraft:dark_oak_door":3,"minecraft:charcoal":16,"minecraft:crafting_table":1,"minecraft:stick":24,"minecraft:wooden_pickaxe":1,"minecraft:stone_pickaxe":1,"minecraft:chest":2,"minecraft:furnace":1,"minecraft:torch":64,"minecraft:dark_oak_planks":216,"minecraft:stone_axe":1,"minecraft:air":0},"minecraft:picked_up":{"minecraft:dark_oak_sapling":1,"minecraft:torch":2,"minecraft:red_mushroom":1,"minecraft:porkchop":2,"minecraft:dark_oak_log":70,"minecraft:dirt":17,"minecraft:moss_carpet":1,"minecraft:dark_oak_planks":5,"minecraft:raw_copper":11,"minecraft:tropical_fish":1,"minecraft:cobblestone":26},"minecraft:dropped":{"minecraft:iron_sword":1,"minecraft:dark_oak_log":1},"minecraft:killed_by":{"minecraft:enderman":1},"minecraft:mined":{"minecraft:dark_oak_planks":5,"minecraft:flowering_azalea":1,"minecraft:dark_oak_leaves":33,"minecraft:dark_oak_log":70,"minecraft:moss_carpet":1,"minecraft:grass":3,"minecraft:grass_block":5,"minecraft:dirt":12,"minecraft:copper_ore":5,"minecraft:red_mushroom_block":4,"minecraft:stone":26,"minecraft:oak_leaves":9,"minecraft:wall_torch":2},"minecraft:used":{"minecraft:dark_oak_planks":110,"minecraft:moss_carpet":1,"minecraft:iron_ore":4,"minecraft:dark_oak_log":312,"minecraft:tropical_fish":1,"minecraft:stone_pickaxe":31,"minecraft:chest":2,"minecraft:wooden_pickaxe":3,"minecraft:stone_axe":78,"minecraft:torch":9,"minecraft:dirt":2,"minecraft:cobblestone":12,"minecraft:crafting_table":1,"minecraft:furnace":1,"minecraft:sponge":16,"minecraft:dark_oak_door":1},"minecraft:custom":{"minecraft:time_since_rest":20581,"minecraft:interact_with_furnace":8,"minecraft:sprint_one_cm":32450,"minecraft:damage_taken":280,"minecraft:walk_one_cm":38561,"minecraft:mob_kills":2,"minecraft:drop":2,"minecraft:damage_dealt":396,"minecraft:swim_one_cm":706,"minecraft:interact_with_crafting_table":10,"minecraft:fly_one_cm":31079,"minecraft:open_chest":5,"minecraft:crouch_one_cm":9205,"minecraft:play_time":42139,"minecraft:deaths":1,"minecraft:sneak_time":3340,"minecraft:walk_under_water_one_cm":13315,"minecraft:jump":322,"minecraft:time_since_death":20561,"minecraft:leave_game":2,"minecraft:walk_on_water_one_cm":5504,"minecraft:total_world_time":42139,"minecraft:fall_one_cm":2456}},"DataVersion":2975}