{"stats":{"minecraft:killed":{"minecraft:spider":2,"minecraft:skeleton":13,"minecraft:chicken":4,"minecraft:tropical_fish":1,"minecraft:pig":11,"minecraft:zombie_villager":2,"minecraft:salmon":10,"minecraft:sheep":4,"minecraft:zombie":11,"minecraft:cow":7},"minecraft:broken":{"minecraft:stone_pickaxe":2,"minecraft:stone_axe":2},"minecraft:crafted":{"minecraft:stone_shovel":1,"minecraft:cooked_chicken":2,"minecraft:furnace":1,"minecraft:cobblestone_stairs":88,"minecraft:cooked_mutton":1,"minecraft:dark_oak_door":3,"minecraft:stone_pickaxe":5,"minecraft:chest":2,"minecraft:dark_oak_planks":312,"minecraft:cooked_beef":15,"minecraft:red_dye":32,"minecraft:arrow":20,"minecraft:cooked_porkchop":11,"minecraft:crafting_table":1,"minecraft:wooden_pickaxe":2,"minecraft:red_bed":1,"minecraft:cooked_salmon":8,"minecraft:stone_axe":4,"minecraft:air":0,"minecraft:white_wool":1,"minecraft:charcoal":34,"minecraft:shield":1,"minecraft:stick":64,"minecraft:iron_ingot":8,"minecraft:iron_leggings":1,"minecraft:white_bed":1,"minecraft:torch":136},"minecraft:picked_up":{"minecraft:crafting_table":2,"minecraft:chicken":4,"minecraft:clay_ball":336,"minecraft:brown_mushroom":12,"minecraft:wooden_pickaxe":3,"minecraft:shield":4,"minecraft:raw_copper":107,"minecraft:moss_carpet":14,"minecraft:string":8,"minecraft:iron_leggings":4,"minecraft:cobbled_deepslate":243,"minecraft:beef":15,"minecraft:rose_bush":16,"minecraft:azalea":2,"minecraft:chest":2,"minecraft:egg":3,"minecraft:dark_oak_sapling":1,"minecraft:raw_iron":16,"minecraft:stick":6,"minecraft:big_dripleaf":9,"minecraft:torch":200,"minecraft:porkchop":27,"minecraft:diorite":47,"minecraft:dark_oak_planks":17,"minecraft:rotten_flesh":44,"minecraft:arrow":75,"minecraft:stone_shovel":2,"minecraft:tropical_fish":1,"minecraft:glow_berries":3,"minecraft:mutton":5,"minecraft:white_wool":8,"minecraft:cobblestone":223,"minecraft:feather":9,"minecraft:cooked_beef":22,"minecraft:andesite":66,"minecraft:salmon":9,"minecraft:red_mushroom":3,"minecraft:flint":9,"minecraft:oak_log":1,"minecraft:cobblestone_stairs":66,"minecraft:dirt":168,"minecraft:cooked_mutton":2,"minecraft:bone":22,"minecraft:bow":3,"minecraft:wheat_seeds":14,"minecraft:cooked_chicken":4,"minecraft:stone_pickaxe":6,"minecraft:moss_block":26,"minecraft:flowering_azalea":2,"minecraft:cooked_porkchop":14,"minecraft:gravel":157,"minecraft:dark_oak_log":114,"minecraft:spider_eye":3,"minecraft:stone_axe":4,"minecraft:granite":33,"minecraft:bone_meal":9},"minecraft:dropped":{"minecraft:iron_sword":1,"minecraft:music_disc_13":64,"minecraft:dark_oak_log":2,"minecraft:stone_axe":1,"minecraft:cobbled_deepslate":1,"minecraft:andesite":22,"minecraft:arrow":8,"minecraft:wooden_pickaxe":1},"minecraft:killed_by":{"minecraft:zombie_villager":1,"minecraft:enderman":3,"minecraft:skeleton":3,"minecraft:zombie":4},"minecraft:mined":{"minecraft:dark_oak_planks":6,"minecraft:dark_oak_leaves":33,"minecraft:cobblestone_stairs":2,"minecraft:dark_oak_log":102,"minecraft:cave_vines_plant":2,"minecraft:granite":11,"minecraft:grass_block":12,"minecraft:brown_mushroom_block":4,"minecraft:iron_ore":15,"minecraft:andesite":22,"minecraft:moss_carpet":1,"minecraft:big_dripleaf_stem":1,"minecraft:cave_vines":2,"minecraft:flowering_azalea_leaves":3,"minecraft:stone":188,"minecraft:flowering_azalea":1,"minecraft:clay":28,"minecraft:crafting_table":2,"minecraft:torch":2,"minecraft:chest":2,"minecraft:rose_bush":16,"minecraft:mushroom_stem":4,"minecraft:cobblestone":4,"minecraft:tall_grass":2,"minecraft:copper_ore":13,"minecraft:sugar_cane":2,"minecraft:diorite":16,"minecraft:wall_torch":7,"minecraft:big_dripleaf":1,"minecraft:grass":14,"minecraft:coal_ore":4,"minecraft:gravel":61,"minecraft:dirt":33,"minecraft:red_mushroom_block":4,"minecraft:small_dripleaf":2,"minecraft:oak_leaves":16,"minecraft:deepslate":113},"minecraft:used":{"minecraft:moss_block":3,"minecraft:moss_carpet":1,"minecraft:tropical_fish":1,"minecraft:stone_shovel":22,"minecraft:chest":4,"minecraft:shield":48,"minecraft:cooked_salmon":8,"minecraft:cooked_chicken":2,"minecraft:torch":58,"minecraft:dirt":26,"minecraft:dark_oak_planks":114,"minecraft:flowering_azalea":2,"minecraft:grass_block":258,"minecraft:furnace":1,"minecraft:cooked_beef":6,"minecraft:cobbled_deepslate":50,"minecraft:iron_leggings":1,"minecraft:cooked_mutton":1,"minecraft:diorite":1,"minecraft:iron_ore":4,"minecraft:cobblestone_stairs":83,"minecraft:stone_pickaxe":441,"minecraft:wooden_pickaxe":12,"minecraft:salmon":1,"minecraft:glow_berries":3,"minecraft:crafting_table":2,"minecraft:red_bed":1,"minecraft:sponge":16,"minecraft:dark_oak_door":1,"minecraft:dark_oak_log":386,"minecraft:command_block":23,"minecraft:gravel":36,"minecraft:stone_axe":305,"minecraft:cobblestone":18,"minecraft:porkchop":4,"minecraft:cooked_porkchop":4},"minecraft:custom":{"minecraft:mob_kills":65,"minecraft:interact_with_crafting_table":34,"minecraft:leave_game":4,"minecraft:time_since_death":31525,"minecraft:climb_one_cm":1514,"minecraft:sprint_one_cm":526068,"minecraft:walk_one_cm":246685,"minecraft:damage_blocked_by_shield":1640,"minecraft:drop":10,"minecraft:play_time":195149,"minecraft:deaths":11,"minecraft:sneak_time":15136,"minecraft:walk_under_water_one_cm":31779,"minecraft:jump":1941,"minecraft:walk_on_water_one_cm":27348,"minecraft:total_world_time":195149,"minecraft:interact_with_furnace":38,"minecraft:sleep_in_bed":2,"minecraft:time_since_rest":31545,"minecraft:damage_taken":4422,"minecraft:damage_dealt":9179,"minecraft:fly_one_cm":400077,"minecraft:swim_one_cm":61624,"minecraft:player_kills":2,"minecraft:open_chest":29,"minecraft:crouch_one_cm":36634,"minecraft:fall_one_cm":27580}},"DataVersion":2975}