{"stats":{"minecraft:dropped":{"minecraft:dark_oak_log":1},"minecraft:used":{"minecraft:moss_carpet":1,"minecraft:iron_ore":4,"minecraft:dark_oak_log":312,"minecraft:tropical_fish":1,"minecraft:stone_pickaxe":6,"minecraft:sponge":16},"minecraft:mined":{"minecraft:grass":3,"minecraft:flowering_azalea":1,"minecraft:copper_ore":5,"minecraft:moss_carpet":1},"minecraft:picked_up":{"minecraft:raw_copper":11,"minecraft:tropical_fish":1,"minecraft:moss_carpet":1},"minecraft:killed":{"minecraft:tropical_fish":1},"minecraft:killed_by":{"minecraft:enderman":1},"minecraft:custom":{"minecraft:time_since_rest":2581,"minecraft:crouch_one_cm":3629,"minecraft:deaths":1,"minecraft:sprint_one_cm":985,"minecraft:play_time":24139,"minecraft:damage_taken":270,"minecraft:walk_one_cm":14475,"minecraft:sneak_time":1410,"minecraft:walk_under_water_one_cm":12393,"minecraft:mob_kills":1,"minecraft:drop":1,"minecraft:jump":207,"minecraft:damage_dealt":296,"minecraft:leave_game":2,"minecraft:time_since_death":2561,"minecraft:walk_on_water_one_cm":2744,"minecraft:total_world_time":24139,"minecraft:fall_one_cm":209,"minecraft:fly_one_cm":23804}},"DataVersion":2975}