{"stats":{"minecraft:picked_up":{"minecraft:dirt":17},"minecraft:killed_by":{"minecraft:zombie":3},"minecraft:mined":{"minecraft:grass":1,"minecraft:grass_block":1},"minecraft:custom":{"minecraft:jump":60,"minecraft:time_since_rest":21,"minecraft:walk_on_water_one_cm":926,"minecraft:sprint_one_cm":6679,"minecraft:damage_taken":1525,"minecraft:leave_game":2,"minecraft:play_time":3564,"minecraft:walk_one_cm":4519,"minecraft:time_since_death":0,"minecraft:deaths":5,"minecraft:sneak_time":6,"minecraft:total_world_time":3564,"minecraft:walk_under_water_one_cm":1917,"minecraft:swim_one_cm":8696,"minecraft:fall_one_cm":3327,"minecraft:fly_one_cm":19684}},"DataVersion":2975}