{"stats":{"minecraft:crafted":{"minecraft:dark_oak_planks":12,"minecraft:stone_axe":1,"minecraft:crafting_table":1,"minecraft:stick":4,"minecraft:stone_pickaxe":1},"minecraft:picked_up":{"minecraft:dark_oak_planks":4,"minecraft:crafting_table":1,"minecraft:torch":1,"minecraft:dark_oak_log":6},"minecraft:killed_by":{"minecraft:player":2},"minecraft:mined":{"minecraft:dark_oak_leaves":1,"minecraft:dark_oak_log":3,"minecraft:crafting_table":1,"minecraft:wall_torch":1},"minecraft:used":{"minecraft:stone_axe":1,"minecraft:torch":1,"minecraft:crafting_table":1},"minecraft:custom":{"minecraft:time_since_rest":4699,"minecraft:open_chest":6,"minecraft:crouch_one_cm":1505,"minecraft:play_time":28587,"minecraft:sprint_one_cm":34742,"minecraft:deaths":2,"minecraft:damage_taken":484,"minecraft:walk_one_cm":30870,"minecraft:sneak_time":808,"minecraft:walk_under_water_one_cm":303,"minecraft:jump":134,"minecraft:damage_dealt":40,"minecraft:leave_game":5,"minecraft:walk_on_water_one_cm":1164,"minecraft:time_since_death":4679,"minecraft:total_world_time":28587,"minecraft:interact_with_crafting_table":5,"minecraft:fall_one_cm":3499,"minecraft:fly_one_cm":14229}},"DataVersion":2975}