{"stats":{"minecraft:mined":{"minecraft:dark_oak_leaves":1},"minecraft:custom":{"minecraft:jump":49,"minecraft:open_chest":4,"minecraft:time_since_rest":9492,"minecraft:crouch_one_cm":312,"minecraft:walk_on_water_one_cm":489,"minecraft:sprint_one_cm":12236,"minecraft:leave_game":2,"minecraft:play_time":9492,"minecraft:damage_taken":20,"minecraft:time_since_death":9492,"minecraft:walk_one_cm":8671,"minecraft:sneak_time":272,"minecraft:total_world_time":9492,"minecraft:fall_one_cm":1227,"minecraft:fly_one_cm":5386}},"DataVersion":2975}