{"stats":{"minecraft:crafted":{"minecraft:dark_oak_planks":4},"minecraft:picked_up":{"minecraft:dark_oak_log":4},"minecraft:killed_by":{"minecraft:player":1},"minecraft:mined":{"minecraft:dark_oak_log":3,"minecraft:dark_oak_leaves":1},"minecraft:custom":{"minecraft:jump":93,"minecraft:open_chest":5,"minecraft:time_since_rest":4293,"minecraft:damage_taken":253,"minecraft:walk_one_cm":14609,"minecraft:leave_game":5,"minecraft:damage_dealt":16,"minecraft:crouch_one_cm":1464,"minecraft:sprint_one_cm":24503,"minecraft:time_since_death":4273,"minecraft:play_time":16640,"minecraft:walk_on_water_one_cm":489,"minecraft:deaths":1,"minecraft:sneak_time":744,"minecraft:total_world_time":16640,"minecraft:fly_one_cm":11113,"minecraft:fall_one_cm":3015}},"DataVersion":2975}