{"stats":{"minecraft:killed":{"minecraft:skeleton":1},"minecraft:crafted":{"minecraft:crafting_table":1,"minecraft:stick":4,"minecraft:stone_pickaxe":1,"minecraft:dark_oak_planks":12,"minecraft:stone_axe":1},"minecraft:picked_up":{"minecraft:dark_oak_door":1,"minecraft:crafting_table":2,"minecraft:torch":8,"minecraft:dirt":21,"minecraft:dark_oak_log":6,"minecraft:red_bed":1,"minecraft:dark_oak_planks":4,"minecraft:arrow":1,"minecraft:wheat_seeds":1,"minecraft:chest":2,"minecraft:flowering_azalea":1},"minecraft:killed_by":{"minecraft:player":2},"minecraft:mined":{"minecraft:red_bed":1,"minecraft:dark_oak_leaves":1,"minecraft:dark_oak_log":3,"minecraft:crafting_table":1,"minecraft:grass":1,"minecraft:grass_block":14,"minecraft:chest":2,"minecraft:dirt":8,"minecraft:wall_torch":7},"minecraft:used":{"minecraft:stone_pickaxe":13,"minecraft:wooden_pickaxe":1,"minecraft:stone_axe":19,"minecraft:torch":2,"minecraft:crafting_table":3},"minecraft:custom":{"minecraft:time_since_rest":11288,"minecraft:sprint_one_cm":59431,"minecraft:damage_taken":624,"minecraft:walk_one_cm":49874,"minecraft:mob_kills":1,"minecraft:damage_dealt":189,"minecraft:interact_with_crafting_table":6,"minecraft:fly_one_cm":32728,"minecraft:open_chest":6,"minecraft:crouch_one_cm":1639,"minecraft:play_time":40202,"minecraft:deaths":2,"minecraft:sneak_time":903,"minecraft:walk_under_water_one_cm":303,"minecraft:jump":304,"minecraft:leave_game":6,"minecraft:time_since_death":16294,"minecraft:walk_on_water_one_cm":4117,"minecraft:sleep_in_bed":1,"minecraft:total_world_time":40202,"minecraft:fall_one_cm":5504}},"DataVersion":2975}