{"stats":{"minecraft:killed":{"minecraft:skeleton":1},"minecraft:crafted":{"minecraft:crafting_table":1,"minecraft:stick":4,"minecraft:stone_pickaxe":1,"minecraft:dark_oak_planks":12,"minecraft:stone_axe":1},"minecraft:picked_up":{"minecraft:dark_oak_door":1,"minecraft:crafting_table":2,"minecraft:andesite":6,"minecraft:torch":8,"minecraft:diorite":1,"minecraft:red_bed":1,"minecraft:dark_oak_log":6,"minecraft:dirt":34,"minecraft:dark_oak_planks":4,"minecraft:raw_copper":7,"minecraft:arrow":1,"minecraft:wheat_seeds":1,"minecraft:granite":7,"minecraft:chest":2,"minecraft:flowering_azalea":1,"minecraft:cobblestone":64},"minecraft:killed_by":{"minecraft:player":2},"minecraft:mined":{"minecraft:red_bed":1,"minecraft:dark_oak_leaves":1,"minecraft:dark_oak_log":3,"minecraft:andesite":6,"minecraft:clay":3,"minecraft:crafting_table":1,"minecraft:granite":8,"minecraft:grass":1,"minecraft:grass_block":15,"minecraft:chest":2,"minecraft:dirt":20,"minecraft:copper_ore":2,"minecraft:stone":64,"minecraft:diorite":1,"minecraft:wall_torch":7},"minecraft:used":{"minecraft:stone_pickaxe":102,"minecraft:wooden_pickaxe":1,"minecraft:stone_axe":24,"minecraft:torch":2,"minecraft:dirt":17,"minecraft:crafting_table":3},"minecraft:custom":{"minecraft:time_since_rest":16188,"minecraft:sprint_one_cm":59431,"minecraft:damage_taken":634,"minecraft:walk_one_cm":60713,"minecraft:mob_kills":1,"minecraft:damage_dealt":189,"minecraft:interact_with_crafting_table":6,"minecraft:fly_one_cm":32755,"minecraft:open_chest":6,"minecraft:crouch_one_cm":2877,"minecraft:play_time":45102,"minecraft:deaths":2,"minecraft:sneak_time":1235,"minecraft:walk_under_water_one_cm":303,"minecraft:jump":335,"minecraft:leave_game":7,"minecraft:walk_on_water_one_cm":4117,"minecraft:time_since_death":21194,"minecraft:sleep_in_bed":1,"minecraft:total_world_time":45102,"minecraft:fall_one_cm":5839}},"DataVersion":2975}