{
  "minecraft:recipes/misc/charcoal": {
    "criteria": {
      "has_log": "2024-07-20 14:12:14 +0000"
    },
    "done": true
  },
  "minecraft:recipes/building_blocks/dark_oak_wood": {
    "criteria": {
      "has_log": "2024-07-20 14:12:14 +0000"
    },
    "done": true
  },
  "minecraft:recipes/building_blocks/dark_oak_planks": {
    "criteria": {
      "has_log": "2024-07-20 14:12:14 +0000"
    },
    "done": true
  },
  "minecraft:adventure/adventuring_time": {
    "criteria": {
      "minecraft:dark_forest": "2024-07-20 14:07:22 +0000"
    },
    "done": false
  },
  "DataVersion": 2975
}